fish_pos,zone_pos,action
586.585693359375,550.588134765625,0
571.2630004882812,547.2677612304688,1
550.69970703125,542.1656494140625,0
532.5398559570312,533.2601318359375,1
512.2986450195312,521.4304809570312,0
497.54302978515625,505.3800048828125,0
485.61566162109375,497.1565856933594,1
472.15252685546875,494.7468566894531,0
465.7701416015625,486.0385437011719,0
456.84033203125,484.7177734375,1
452.0142822265625,475.18170166015625,0
445.44232177734375,462.53302001953125,1
441.7030029296875,451.3907165527344,0
440.53192138671875,439.5772705078125,0
438.7371826171875,436.7989501953125,1
440.44635009765625,428.696044921875,0
443.12860107421875,425.7445373535156,1
447.4530029296875,431.0373229980469,0
465.45892333984375,430.2552795410156,0
481.02142333984375,438.38446044921875,0
496.231689453125,445.5082702636719,0
509.9422607421875,463.3692626953125,1
522.899169921875,472.71051025390625,0
539.9361572265625,487.818603515625,1
557.0938110351562,495.15380859375,1
574.66162109375,499.4472351074219,1
582.5623779296875,493.9647216796875,0
588.388427734375,491.0460510253906,0
594.3043212890625,506.161865234375,0
595.70166015625,531.1412353515625,1
596.9722290039062,548.9071655273438,0
596.8834838867188,550.177001953125,0
596.4653930664062,550.108642578125,0
596.08642578125,549.7755126953125,0
597.6351928710938,550.1953735351562,0
596.87841796875,550.1588134765625,0
598.3515625,549.574462890625,0
596.0995483398438,549.80322265625,0
597.8223876953125,550.7984008789062,0
597.1411743164062,550.2840576171875,0
599.1866455078125,550.81396484375,0
603.818115234375,550.4218139648438,0
608.5909423828125,550.569091796875,0
609.11669921875,551.5695190429688,0
611.7862548828125,552.4239501953125,0
609.0227661132812,551.2748413085938,0
608.7509765625,552.1122436523438,0
610.0660400390625,551.1556396484375,0
609.004150390625,551.2445068359375,0
610.9147338867188,552.6187744140625,0
610.3497924804688,552.07275390625,0
608.8840942382812,551.2701416015625,0
610.380615234375,552.138916015625,0
609.0107421875,551.166748046875,0
608.744140625,551.9713134765625,0
611.3333740234375,552.226318359375,0
611.781494140625,552.0855102539062,0
611.7890625,552.2348022460938,0
610.058837890625,550.9042358398438,0
610.292724609375,551.7191772460938,0
608.899658203125,550.7280883789062,0
610.2301025390625,551.4401245117188,0
609.1519775390625,551.088623046875,0
608.45849609375,549.2505493164062,0
609.1453857421875,551.1934814453125,0
608.388916015625,550.4373779296875,0
566.85595703125,549.3798828125,0
520.53662109375,550.8370361328125,1
478.711669921875,547.9244384765625,1
441.265869140625,522.9964599609375,1
412.8226318359375,495.5897216796875,0
383.8455810546875,464.72271728515625,1
358.84466552734375,427.202880859375,0
341.4513854980469,389.037353515625,0
325.7698974609375,353.13616943359375,0
312.1713562011719,322.64501953125,0
301.823974609375,304.1967468261719,0
293.58380126953125,295.3968200683594,1
284.01947021484375,287.81524658203125,0
276.832763671875,285.1416931152344,1
271.76104736328125,286.2585144042969,0
266.62884521484375,281.1770324707031,1
263.9241027832031,283.447021484375,0
259.7928466796875,285.1658935546875,1
256.82147216796875,287.9355163574219,0
254.4227752685547,291.3319396972656,1
252.61671447753906,290.4178466796875,0
252.8436279296875,290.79193115234375,1
249.5830078125,287.15460205078125,0
249.79058837890625,279.3509521484375,1
247.0531768798828,272.6939697265625,0
246.43609619140625,266.3792724609375,0
246.39700317382812,268.4908142089844,1
245.64251708984375,264.71270751953125,1
246.3526611328125,263.6999206542969,0
247.67596435546875,257.232666015625,1
250.21414184570312,256.3167724609375,0
254.60421752929688,250.45823669433594,0
255.84605407714844,256.5674133300781,0
256.8039245605469,266.68914794921875,1
258.7768249511719,279.45660400390625,1
260.198974609375,293.9044494628906,1
262.05364990234375,297.8627624511719,1
262.6319885253906,294.3432922363281,0
263.2151794433594,289.47015380859375,1
263.99127197265625,284.3918151855469,1
261.355224609375,270.9207458496094,0
247.71102905273438,266.13494873046875,0
233.3094940185547,268.09210205078125,1
216.82012939453125,269.2066955566406,1
204.97935485839844,265.5985107421875,1
194.54791259765625,246.6260528564453,0
184.27383422851562,228.26580810546875,0
178.47903442382812,215.23760986328125,1
170.28973388671875,196.96266174316406,0
166.800537109375,178.8815460205078,0
159.58056640625,164.211181640625,0
156.82275390625,162.79476928710938,1
154.69056701660156,162.75775146484375,0
152.27969360351562,160.596923828125,1
147.79458618164062,162.3258819580078,0
146.4539794921875,158.94854736328125,1
144.75274658203125,155.45816040039062,0
144.6995391845703,149.6649932861328,1
144.4473876953125,149.6015625,0
144.65444946289062,151.01344299316406,0
142.9409942626953,148.74563598632812,0
143.91188049316406,148.907958984375,0
583.41015625,547.447021484375,1
563.1510009765625,541.1370849609375,1
543.104248046875,529.4876098632812,0
523.0740966796875,510.8049011230469,1
505.470703125,483.58251953125,0
489.873046875,465.8477783203125,0
478.2952880859375,455.50482177734375,0
467.5234375,457.98370361328125,1
458.80169677734375,453.49371337890625,0
453.387451171875,451.8829650878906,0
446.9175720214844,450.076171875,0
444.2524719238281,458.8835754394531,1
447.3284912109375,462.50323486328125,1
463.91888427734375,459.6661071777344,1
477.52374267578125,445.8302001953125,0
494.31243896484375,433.3975830078125,0
509.21563720703125,439.9088134765625,0
524.2927856445312,454.30438232421875,0
534.6268310546875,479.2283630371094,1
547.9827880859375,502.0049743652344,1
558.3704223632812,523.4955444335938,0
571.5040283203125,541.8274536132812,1
584.6689453125,547.38671875,0
599.322021484375,549.5961303710938,0
608.9918212890625,549.6282958984375,0
610.1219482421875,549.6722412109375,0
610.22509765625,551.9945068359375,0
608.893798828125,550.815185546875,0
611.0010986328125,552.6567993164062,0
609.98095703125,552.0416259765625,0
610.2670288085938,552.2664184570312,0
609.0988159179688,551.907470703125,0
608.59423828125,550.53564453125,0
608.2030029296875,550.8926391601562,0
608.3173828125,550.7200317382812,0
608.30615234375,550.4987182617188,0
608.3411254882812,550.5538940429688,0
608.0853271484375,550.6409301757812,0
607.4069213867188,550.318359375,0
606.600341796875,550.3370971679688,0
607.50341796875,550.4697265625,0
605.1077270507812,550.8692626953125,0
604.446533203125,550.4088745117188,0
604.449951171875,550.2944946289062,0
605.2926635742188,550.5839233398438,0
604.5858764648438,550.5508422851562,0
604.5650634765625,550.5234985351562,0
604.338134765625,550.199462890625,0
603.8427734375,550.3455810546875,0
604.4434204101562,550.3699951171875,0
604.447509765625,550.3284301757812,0
605.111328125,550.2786254882812,0
603.687255859375,550.1640014648438,0
604.406005859375,550.546875,0
603.8458862304688,551.01513671875,0
602.985107421875,548.9979248046875,0
603.8681640625,549.57568359375,0
603.2471923828125,549.22412109375,0
580.800048828125,546.6286010742188,1
553.703125,538.7186279296875,1
525.6963500976562,534.0143432617188,1
503.34033203125,524.8812866210938,0
477.4794921875,521.3905029296875,1
461.8427734375,528.1920166015625,1
444.60247802734375,513.36376953125,1
428.687744140625,493.38006591796875,0
417.2149658203125,458.4819641113281,0
405.4520263671875,433.12158203125,1
395.8399963378906,396.63824462890625,0
387.3525085449219,368.3805847167969,0
379.47503662109375,344.7880554199219,0
374.07659912109375,333.0147705078125,0
366.30853271484375,328.9228515625,0
363.3937683105469,332.2631530761719,0
356.9369812011719,344.38262939453125,1
354.63189697265625,353.4833068847656,1
350.8111572265625,351.7340393066406,0
346.6447448730469,343.2752685546875,0
344.4165344238281,343.6417236328125,0
342.9339904785156,353.97979736328125,1
339.0388488769531,364.38153076171875,1
337.0310974121094,363.70068359375,1
335.89666748046875,351.29400634765625,0
334.7177734375,349.5060729980469,0
334.75732421875,353.95562744140625,1
333.60791015625,354.9130859375,1
333.35211181640625,347.826416015625,0
331.22320556640625,338.61273193359375,0
329.502197265625,335.1502685546875,1
329.0919494628906,337.30322265625,0
327.63409423828125,334.1930236816406,0
329.71917724609375,339.71588134765625,1
328.3678283691406,342.69342041015625,1
327.2386779785156,339.0269470214844,0
313.43170166015625,339.86773681640625,1
297.91961669921875,337.4417724609375,1
281.8857421875,326.79315185546875,1
270.0953674316406,305.6642150878906,0
257.73681640625,292.63299560546875,0
248.01620483398438,285.23065185546875,1
238.09213256835938,279.9298095703125,1
230.9982452392578,265.6379089355469,0
225.82302856445312,248.65179443359375,0
216.1717529296875,233.97891235351562,1
212.15309143066406,224.609375,1
206.93402099609375,208.77520751953125,0
203.8636474609375,200.2190399169922,0
200.91891479492188,198.69989013671875,1
195.80245971679688,199.22317504882812,0
194.34336853027344,197.52085876464844,1
193.9853973388672,197.5096893310547,1
193.5444793701172,196.25460815429688,0
193.997802734375,197.41180419921875,0
586.603271484375,550.5845336914062,1
561.852294921875,543.9822387695312,1
516.16552734375,530.0792846679688,0
472.96484375,519.4600219726562,1
435.8351135253906,507.2098388671875,1
407.5886535644531,481.80517578125,1
380.9088134765625,434.7427978515625,1
357.3653259277344,378.55999755859375,0
343.17779541015625,336.82440185546875,0
325.7445068359375,294.851806640625,0
309.5477294921875,265.7362060546875,0
300.01031494140625,246.7602081298828,0
290.78411865234375,234.14642333984375,0
283.63262939453125,233.87255859375,0
277.5643615722656,241.52366638183594,1
271.4770812988281,252.3683624267578,1
265.45703125,258.8882751464844,1
263.1257629394531,254.94520568847656,0
259.81341552734375,244.26516723632812,0
256.4390869140625,244.22576904296875,1
255.84788513183594,253.40740966796875,1
254.02809143066406,253.32589721679688,0
252.4595489501953,254.5656280517578,1
249.09835815429688,255.10052490234375,0
247.8440399169922,249.9693603515625,1
247.23941040039062,244.06704711914062,0
246.10206604003906,236.82302856445312,0
246.09805297851562,236.79397583007812,1
244.38063049316406,241.98049926757812,0
252.9750213623047,241.90103149414062,0
268.43115234375,246.92901611328125,1
288.4622802734375,246.27548217773438,0
307.3862609863281,249.36952209472656,0
322.40032958984375,263.7320251464844,0
335.460693359375,293.000244140625,1
346.548828125,314.70611572265625,0
353.7535095214844,330.650390625,1
361.7095031738281,349.906005859375,1
367.45672607421875,360.390380859375,1
373.87451171875,374.63262939453125,1
376.3824462890625,380.90765380859375,1
378.6505126953125,391.3878173828125,1
381.66693115234375,394.90185546875,0
385.3812255859375,400.5078125,1
387.2659912109375,399.20562744140625,0
389.3202819824219,399.30267333984375,1
390.47021484375,394.5329895019531,0
393.6077880859375,387.0579528808594,1
393.8050537109375,378.27545166015625,0
392.6871337890625,371.658447265625,0
393.3808898925781,373.30438232421875,0
396.4791259765625,383.3408203125,1
396.4718017578125,398.75140380859375,1
406.1671142578125,402.71624755859375,0
423.1395568847656,399.34088134765625,0
438.447998046875,403.5831298828125,0
451.6231689453125,403.1838073730469,0
462.427490234375,408.80682373046875,0
471.9012451171875,426.3251953125,1
476.14605712890625,435.99615478515625,1
474.95465087890625,434.7060241699219,1
476.0098876953125,437.1195983886719,0
474.77685546875,434.83282470703125,0
584.8638916015625,548.3728637695312,1
536.8951416015625,543.1024780273438,0
467.6819152832031,532.7754516601562,1
408.3121032714844,522.1466674804688,1
366.50921630859375,510.0107421875,1
328.47027587890625,488.2457275390625,1
299.9943542480469,447.90350341796875,1
282.6685791015625,399.9069519042969,0
265.11968994140625,347.05645751953125,0
249.38589477539062,315.40496826171875,0
237.86849975585938,294.9099426269531,0
210.80775451660156,279.9272766113281,1
184.9716033935547,271.60986328125,1
165.70675659179688,256.60003662109375,1
146.51730346679688,224.21807861328125,1
163.10272216796875,176.27452087402344,0
184.80093383789062,140.15049743652344,0
212.61447143554688,138.82159423828125,0
233.5660400390625,164.46124267578125,0
250.90829467773438,207.86155700683594,0
263.8387756347656,259.5346374511719,1
276.2187194824219,310.01531982421875,1
283.6846923828125,352.57647705078125,1
290.437255859375,376.09710693359375,1
296.2658386230469,388.0755615234375,1
284.12109375,385.130615234375,1
256.8271484375,370.7337951660156,1
237.94009399414062,353.5327453613281,1
239.0360565185547,353.5536804199219,1
239.07611083984375,353.39794921875,1
240.3223419189453,354.44195556640625,0
584.1303100585938,548.0905151367188,1
560.3045654296875,538.2396240234375,1
534.0196533203125,522.9572143554688,0
511.89251708984375,503.243408203125,0
487.51708984375,490.115478515625,1
470.8667297363281,475.38458251953125,0
454.0114440917969,457.69512939453125,1
437.02325439453125,436.61480712890625,0
423.0030517578125,417.75030517578125,0
412.4215087890625,405.31707763671875,1
401.95953369140625,399.59625244140625,1
392.03790283203125,382.65667724609375,0
385.0721740722656,373.62896728515625,0
376.4405517578125,373.398193359375,1
368.67205810546875,363.5147705078125,0
365.52490234375,363.191162109375,1
361.63934326171875,361.9874572753906,0
355.71160888671875,362.07476806640625,1
353.52764892578125,365.9267272949219,1
348.2952880859375,361.26513671875,0
345.52227783203125,354.0614013671875,0
344.01123046875,354.8437805175781,1
341.66204833984375,358.9414978027344,1
337.5040283203125,354.0875244140625,0
337.5635070800781,344.28564453125,0
335.36651611328125,342.77203369140625,1
334.8751220703125,334.6786193847656,0
333.6522521972656,322.6744384765625,0
332.817138671875,318.7342224121094,1
332.63372802734375,311.412841796875,0
330.06842041015625,302.0479736328125,0
331.76190185546875,298.9828796386719,0
330.01837158203125,308.1856689453125,0
327.375732421875,315.21441650390625,0
327.4862976074219,325.1240234375,1
326.993408203125,331.3272705078125,1
326.78582763671875,326.73529052734375,0
325.5424499511719,321.0577392578125,0
322.0346374511719,321.9911804199219,1
317.5656433105469,324.1250915527344,1
314.9113464355469,321.52935791015625,1
313.6479187011719,320.64129638671875,1
310.38885498046875,311.3075256347656,0
308.39593505859375,301.0074157714844,0
306.78369140625,297.8657531738281,1
306.27593994140625,298.9229431152344,1
304.74517822265625,294.15118408203125,0
304.7445068359375,294.1474609375,0
305.08892822265625,292.95001220703125,0
305.0887451171875,292.951904296875,0
305.0880432128906,292.949951171875,0
305.0887451171875,292.9547424316406,0
305.08868408203125,292.95269775390625,0
305.0889892578125,292.949951171875,0
305.0889892578125,292.9505615234375,0
305.08770751953125,292.9478759765625,0
305.0882568359375,292.9475402832031,0
305.0887451171875,292.94805908203125,0
584.3282470703125,548.0028076171875,1
565.656494140625,537.8742065429688,1
543.9267578125,522.3045654296875,0
525.6573486328125,506.0428466796875,1
518.1072998046875,493.9169921875,1
516.0418701171875,478.05914306640625,0
515.134765625,459.1505432128906,0
514.7744140625,448.8990478515625,0
514.7955932617188,452.7312316894531,0
517.113037109375,470.784912109375,1
517.6510620117188,493.16717529296875,1
517.6898193359375,508.30743408203125,1
521.6415405273438,515.5084228515625,1
523.9673461914062,510.93487548828125,0
535.5225219726562,511.1515808105469,1
549.36181640625,514.1009521484375,0
562.826171875,512.7724609375,0
575.9564208984375,519.8236694335938,1
587.3831787109375,532.677978515625,0
599.4646606445312,541.3335571289062,1
610.4461059570312,550.936767578125,0
611.8087158203125,551.1376953125,0
610.351806640625,552.4431762695312,0
608.8621826171875,551.1397705078125,0
610.2591552734375,552.2098999023438,0
606.65380859375,550.7799072265625,0
589.4241943359375,549.8104248046875,0
566.8079833984375,549.5735473632812,0
556.396728515625,548.01953125,1
553.9279174804688,538.3746337890625,1
550.9661254882812,524.2762451171875,0
552.3131103515625,513.7501220703125,0
553.19140625,514.3477172851562,0
552.7133178710938,522.6834716796875,1
553.555908203125,526.3851318359375,0
553.6981201171875,537.1793212890625,1
553.9868774414062,547.8897094726562,0
556.292236328125,548.08447265625,0
566.7935791015625,548.1292114257812,0
575.1763916015625,548.08984375,0
584.906005859375,549.2320556640625,0
593.19287109375,548.506103515625,0
597.2354736328125,550.2332763671875,0
604.5667724609375,550.491455078125,0
608.751953125,552.078125,0
610.1651611328125,552.6122436523438,0
610.0740966796875,552.1469116210938,0
608.861328125,550.8558349609375,0
609.0018310546875,550.8849487304688,0
610.3941650390625,551.9140014648438,0
610.3568115234375,551.8206787109375,0
611.7354736328125,551.609619140625,0
611.8321533203125,552.016357421875,0
610.3084716796875,551.74755859375,0
610.0774536132812,551.7395629882812,0
610.224853515625,551.6229248046875,0
610.17138671875,551.6272583007812,0
611.6466674804688,552.042724609375,0
608.8873291015625,550.75537109375,0
611.8312377929688,553.1387329101562,0
611.4515380859375,552.8095703125,0
611.6754150390625,553.0869750976562,0
611.6907348632812,553.0936279296875,0
579.2294921875,546.438720703125,1
559.3303833007812,538.316650390625,1
533.489013671875,531.887451171875,0
509.2724609375,522.5687866210938,0
486.42889404296875,517.7343139648438,1
464.6223449707031,508.5823974609375,1
448.4620361328125,490.7796630859375,0
434.56756591796875,469.6025695800781,1
422.61138916015625,451.8857421875,0
410.24530029296875,437.06329345703125,1
398.8208312988281,426.5628662109375,0
389.043212890625,410.25201416015625,1
383.29412841796875,392.99481201171875,0
376.358642578125,382.0720520019531,0
369.04388427734375,377.46795654296875,1
365.36444091796875,377.1185607910156,0
358.7606201171875,382.82177734375,1
356.08392333984375,378.6554260253906,0
352.0025634765625,374.43328857421875,1
347.8853759765625,366.0968017578125,0
345.72821044921875,358.3508605957031,0
343.5653381347656,345.30584716796875,0
342.0076599121094,342.7764892578125,0
339.19134521484375,338.71630859375,1
337.06915283203125,337.4523010253906,1
336.40423583984375,337.5865173339844,0
334.13800048828125,335.4277648925781,1
333.7484130859375,329.185546875,1
333.38189697265625,326.9301452636719,0
333.2579650878906,324.1307067871094,0
332.09930419921875,323.54437255859375,0
329.72589111328125,331.561279296875,0
330.27978515625,339.09600830078125,1
329.1792907714844,345.4142761230469,1
327.8204345703125,353.16314697265625,1
327.904052734375,351.75067138671875,1
321.67156982421875,339.5195007324219,0
310.0240478515625,333.197265625,0
296.8990478515625,330.3748779296875,1
283.1499938964844,322.70867919921875,1
275.3604736328125,309.1575622558594,0
264.44940185546875,292.3717346191406,1
256.1524658203125,275.4643859863281,0
248.17572021484375,259.16290283203125,0
243.2093048095703,247.8455352783203,1
236.9275665283203,239.97950744628906,0
235.6353759765625,238.64707946777344,0
235.8196563720703,237.59640502929688,1
235.87973022460938,237.59490966796875,0
235.71197509765625,237.546875,0
235.7125244140625,237.54742431640625,0
235.71121215820312,237.5445556640625,0
235.71060180664062,237.53985595703125,0
235.71063232421875,237.53958129882812,0
235.71188354492188,237.54000854492188,0
235.7103729248047,237.54302978515625,0
235.7110595703125,237.5426025390625,0
580.6466064453125,547.1068115234375,1
553.0389404296875,542.2564697265625,1
526.1044921875,527.0596313476562,1
502.94598388671875,513.8804931640625,0
478.46527099609375,497.9742431640625,0
463.47125244140625,491.0286865234375,1
445.51312255859375,478.30389404296875,1
430.38006591796875,456.4743347167969,0
417.5555419921875,429.0520324707031,0
406.2907409667969,409.83441162109375,0
396.9158630371094,402.69964599609375,1
387.1121826171875,396.05169677734375,0
381.84967041015625,385.3820495605469,1
375.1417236328125,374.67144775390625,0
366.719482421875,358.856201171875,0
363.15228271484375,352.41693115234375,0
357.0522155761719,354.7039794921875,1
353.62359619140625,355.72735595703125,1
352.1844787597656,356.55816650390625,1
346.89117431640625,351.3529052734375,0
344.74365234375,351.23162841796875,1
341.6469421386719,347.9854736328125,0
339.0738525390625,348.08709716796875,1
338.9004821777344,351.3514709472656,0
336.87060546875,346.913818359375,0
336.1866760253906,349.0069580078125,1
334.72137451171875,349.4835510253906,0
333.68389892578125,349.1734313964844,1
333.39398193359375,354.0517272949219,0
333.6122741699219,354.89501953125,1
330.4812927246094,357.7120361328125,1
330.34747314453125,355.8713073730469,0
329.22705078125,347.56524658203125,1
327.26959228515625,339.6111145019531,1
327.62640380859375,327.86749267578125,0
326.75897216796875,320.8917541503906,0
326.8305969238281,321.9403076171875,1
339.05487060546875,319.1094055175781,0
357.58819580078125,321.6009521484375,1
376.63897705078125,315.9815979003906,1
394.14495849609375,309.05218505859375,0
409.89813232421875,284.2801818847656,0
425.7943115234375,273.2615661621094,0
437.0772705078125,283.6186218261719,0
449.009521484375,311.6232604980469,0
458.8336181640625,355.068115234375,1
467.9415283203125,415.107421875,1
474.5875244140625,462.8194274902344,1
481.474365234375,499.320068359375,1
487.4080810546875,522.96875,1
490.99755859375,542.265380859375,1
495.56488037109375,548.6620483398438,1
498.65240478515625,541.6871948242188,1
502.0158386230469,530.8995361328125,0
504.598388671875,524.2124633789062,0
506.41485595703125,525.0936889648438,1
510.07794189453125,522.7271118164062,0
512.3621215820312,520.2908325195312,1
514.2317504882812,518.4973754882812,0
514.233154296875,518.44384765625,1
516.3018188476562,520.876708984375,0
516.0562744140625,524.0022583007812,1
516.821533203125,527.2031860351562,0
517.6063232421875,524.0662841796875,0
518.745361328125,529.0255737304688,1
519.137939453125,529.0164184570312,0
518.7250366210938,529.0225830078125,1
519.8889770507812,530.089111328125,0
518.7857055664062,528.2221069335938,0
576.76220703125,544.9862060546875,1
554.2355346679688,531.9036865234375,0
531.8026123046875,521.1063842773438,0
513.62255859375,519.57080078125,1
498.8804931640625,524.9396362304688,1
494.2900390625,523.0582275390625,1
487.7895202636719,512.8617553710938,0
485.843505859375,495.97686767578125,0
482.8077392578125,485.349365234375,1
480.82452392578125,480.8186340332031,1
481.91949462890625,471.01495361328125,0
479.55572509765625,465.01275634765625,0
479.836181640625,467.4107360839844,1
483.173828125,477.1087646484375,0
484.0750732421875,480.3328857421875,1
486.07183837890625,484.307861328125,1
489.0260009765625,483.28741455078125,0
490.59661865234375,480.38055419921875,0
494.5834045410156,482.8707580566406,0
497.09698486328125,493.63629150390625,1
500.16510009765625,498.77679443359375,0
504.50836181640625,503.2976379394531,1
507.258544921875,505.33551025390625,0
512.1530151367188,503.6959228515625,0
516.3700561523438,509.3717041015625,1
518.0386962890625,518.442138671875,0
519.9498291015625,521.6241455078125,1
525.29345703125,528.1243286132812,0
526.119873046875,528.9917602539062,1
527.9025268554688,539.043701171875,0
531.5648193359375,548.3236694335938,0
532.0841064453125,545.7115478515625,0
534.6373291015625,551.587158203125,0
534.7464599609375,551.3659057617188,0
536.0997314453125,548.3180541992188,0
536.817138671875,548.3673095703125,0
537.2544555664062,548.3189086914062,0
538.5501708984375,548.3782958984375,0
539.2945556640625,548.2916259765625,0
539.8756103515625,548.4166259765625,0
541.3504638671875,548.2652587890625,0
540.98388671875,548.3666381835938,0
541.36572265625,548.3244018554688,0
542.8594970703125,548.3014526367188,0
542.9835205078125,548.2527465820312,0
542.992919921875,548.28564453125,0
542.5198364257812,547.6324462890625,0
543.9222412109375,548.2481079101562,0
543.738037109375,548.3109741210938,0
543.6873779296875,548.308349609375,0
544.1246337890625,548.2603759765625,0
544.1272583007812,548.2705078125,0
544.12646484375,548.2725830078125,0
544.1224365234375,548.2824096679688,0
544.1232299804688,548.2599487304688,0
544.12744140625,548.2758178710938,0
544.1219482421875,548.264404296875,0
544.1223754882812,548.2593383789062,0
584.8604736328125,548.2828369140625,1
535.2498779296875,542.900146484375,1
490.5065002441406,528.4215087890625,0
485.51983642578125,520.101806640625,1
494.1792907714844,510.2940979003906,1
501.7191162109375,492.35980224609375,0
509.43035888671875,473.192138671875,0
517.5383911132812,467.72308349609375,0
523.6907958984375,469.6457214355469,1
530.100830078125,478.65118408203125,0
544.3200073242188,480.72540283203125,0
558.07666015625,491.6324462890625,1
576.08984375,509.8477783203125,0
587.9541625976562,527.8956909179688,1
579.3268432617188,549.3646240234375,1
557.4930419921875,544.3547973632812,0
538.5771484375,547.3949584960938,1
526.596923828125,547.2669067382812,1
513.5232543945312,535.3150024414062,0
504.6207275390625,516.7713623046875,0
497.447509765625,506.6474914550781,1
493.3576965332031,503.9073181152344,0
490.9139099121094,494.6532287597656,1
486.8740234375,486.81048583984375,0
486.183837890625,479.71807861328125,1
485.0643310546875,471.0811767578125,0
483.22662353515625,459.3818359375,0
478.830810546875,457.07952880859375,1
436.0832824707031,463.6517333984375,0
382.4757385253906,463.60479736328125,1
338.20587158203125,465.7833251953125,1
296.49066162109375,450.573486328125,1
261.8724670410156,417.876708984375,1
236.7087860107422,373.57427978515625,0
217.81048583984375,337.5914306640625,1
203.81600952148438,307.63043212890625,0
194.10427856445312,203.8141632080078,0
185.06979370117188,183.37173461914062,0
176.95083618164062,164.1714630126953,0
170.8756103515625,146.34410095214844,0
165.29754638671875,135.21983337402344,0
163.21047973632812,135.06021118164062,0
161.8024444580078,145.50376892089844,1
156.9029541015625,157.4311065673828,0
156.26849365234375,163.72962951660156,1
154.7040557861328,172.986328125,1
154.03421020507812,173.3654022216797,0
156.96539306640625,177.8580780029297,1
164.74594116210938,178.10997009277344,0
168.91416931152344,181.05819702148438,1
173.57200622558594,181.94833374023438,0
175.78897094726562,180.756591796875,0
176.2117919921875,183.5711669921875,0
186.54119873046875,190.66468811035156,1
231.66439819335938,221.73809814453125,1
264.9544982910156,221.67880249023438,1
284.5434875488281,190.69703674316406,0
296.9735412597656,191.50955200195312,0
313.51422119140625,196.92242431640625,0
327.23577880859375,215.6793212890625,1
336.933837890625,314.3696594238281,0
346.5360107421875,316.232177734375,1
350.3042907714844,329.4892578125,1
350.8411865234375,328.88018798828125,1
341.8804931640625,329.67437744140625,1
323.76214599609375,324.08050537109375,0
321.9628601074219,318.73077392578125,0
304.7049255371094,320.3351135253906,1
286.99102783203125,324.77081298828125,1
271.40338134765625,323.1697998046875,1
259.32012939453125,310.3082580566406,0
247.85488891601562,297.4117431640625,1
265.85394287109375,281.2432861328125,0
283.09796142578125,262.36895751953125,0
299.8593444824219,247.716552734375,0
315.6212158203125,248.77517700195312,0
327.5020446777344,261.1465759277344,0
342.4530334472656,287.214111328125,1
365.21453857421875,323.7495422363281,1
385.79681396484375,345.7244873046875,1
394.8612976074219,364.57525634765625,0
364.53875732421875,377.0263671875,1
334.4981689453125,395.7572021484375,1
313.29010009765625,404.34674072265625,1
300.1051330566406,398.04449462890625,1
342.2647705078125,377.26861572265625,0
391.0701904296875,352.88018798828125,0
442.3427734375,336.83624267578125,0
488.101806640625,333.8250732421875,0
517.2081298828125,345.6048889160156,0
545.6702270507812,372.53179931640625,0
567.1697998046875,419.0404357910156,1
582.7339477539062,464.85662841796875,1
597.19677734375,508.728271484375,1
611.6228637695312,551.3392333984375,0
610.4315795898438,549.84521484375,0
575.5557861328125,548.2403564453125,0
503.15362548828125,548.9464111328125,0
439.983154296875,549.753662109375,1
378.2432861328125,533.26904296875,1
331.8997802734375,509.56390380859375,1
287.03582763671875,467.5860595703125,0
254.16537475585938,413.4812927246094,1
231.87698364257812,374.2415466308594,0
212.88912963867188,325.00457763671875,0
197.39730834960938,288.26385498046875,0
185.18104553222656,270.061767578125,0
175.13002014160156,265.07330322265625,1
166.9647216796875,254.47433471679688,1
160.9403839111328,232.32498168945312,0
157.3568115234375,220.6200408935547,0
154.39710998535156,212.97047424316406,1
149.22073364257812,207.71780395507812,0
149.6011962890625,186.99404907226562,0
147.83428955078125,178.33541870117188,0
147.200439453125,169.74041748046875,0
144.89181518554688,164.37945556640625,1
144.55264282226562,164.71600341796875,0
144.72117614746094,161.30767822265625,0
141.561279296875,164.70315551757812,0
143.2019805908203,164.62933349609375,0
143.94439697265625,170.67958068847656,1
141.92910766601562,173.48629760742188,1
147.63983154296875,168.46498107910156,0
221.7689666748047,167.19879150390625,0
312.83612060546875,160.6988983154297,0
370.0723876953125,169.12313842773438,0
432.1397399902344,191.22482299804688,0
474.2684631347656,230.0216827392578,1
502.9060363769531,273.4710388183594,0
529.07861328125,312.8478088378906,1
547.3632202148438,353.7421875,0
567.16455078125,397.18206787109375,0
558.9075317382812,430.52764892578125,1
523.7033081054688,473.4474182128906,1
484.4444274902344,509.81048583984375,1
453.852294921875,532.81689453125,1
427.4344482421875,542.5336303710938,1
407.0738525390625,529.3140869140625,1
395.488525390625,505.6109619140625,1
385.12213134765625,463.1785583496094,0
375.20819091796875,415.876708984375,0
369.27276611328125,379.1408386230469,0
365.353759765625,355.15325927734375,0
377.23663330078125,332.01611328125,0
403.4495544433594,328.37060546875,0
424.17303466796875,335.0596618652344,0
438.97430419921875,364.533935546875,0
455.41058349609375,403.66998291015625,1
472.2188720703125,435.11138916015625,1
483.26751708984375,455.4521789550781,1
497.55810546875,473.5433044433594,1
497.7188415527344,477.11285400390625,0
464.0380859375,478.75408935546875,0
433.47991943359375,484.10516357421875,1
421.0177917480469,493.1328430175781,1
415.8358154296875,487.72283935546875,1
410.6265563964844,465.7716979980469,0
407.22198486328125,437.98199462890625,0
407.24029541015625,425.70928955078125,0
407.07586669921875,413.9739990234375,1
405.51025390625,400.54376220703125,0
404.0879821777344,387.60662841796875,0
393.8221435546875,385.4020690917969,0
355.801025390625,394.57525634765625,1
322.61968994140625,396.309814453125,1
289.1145324707031,388.9623107910156,1
262.5252685546875,363.3125305175781,1
245.2134246826172,328.82635498046875,0
229.42007446289062,278.783935546875,0
215.9117431640625,240.579833984375,0
207.00180053710938,213.92892456054688,0
197.43804931640625,193.25425720214844,0
196.35623168945312,180.65585327148438,1
194.10128784179688,173.93577575683594,0
195.0253448486328,164.80430603027344,0
192.55419921875,161.01071166992188,0
189.84873962402344,165.3697509765625,0
189.70358276367188,180.0697479248047,1
189.39219665527344,188.72189331054688,1
190.30035400390625,191.186767578125,0
191.13780212402344,191.3475341796875,0
190.43963623046875,198.47726440429688,1
190.18185424804688,199.5048065185547,0
190.35220336914062,200.19590759277344,1
188.63619995117188,208.44009399414062,1
193.37896728515625,209.98849487304688,0
196.0734405517578,212.66912841796875,1
201.54579162597656,213.78399658203125,1
206.6995849609375,205.18719482421875,0
205.53436279296875,203.67605590820312,0
197.34970092773438,209.71026611328125,1
191.53524780273438,216.0261993408203,1
186.37094116210938,214.59384155273438,0
183.6107635498047,206.44366455078125,1
177.55511474609375,206.58265686035156,1
176.14447021484375,194.54364013671875,0
174.82200622558594,193.83843994140625,0
173.62530517578125,196.3500518798828,1
172.0078125,195.647705078125,1
169.73208618164062,188.58880615234375,0
170.0966033935547,185.92733764648438,1
168.71823120117188,185.68804931640625,1
167.13107299804688,178.75851440429688,0
167.09979248046875,178.09603881835938,1
167.2473907470703,181.07545471191406,1
167.1553955078125,179.40948486328125,0
173.57003784179688,175.15330505371094,0
177.62344360351562,177.384033203125,1
183.12355041503906,175.77850341796875,0
186.77169799804688,174.5903778076172,0
187.215576171875,181.79574584960938,1
190.12191772460938,182.62010192871094,0
193.46224975585938,175.94126892089844,0
194.471435546875,179.253662109375,0
196.48757934570312,190.3826141357422,1
206.21038818359375,196.7525634765625,0
225.22039794921875,194.5382080078125,0
224.53036499023438,193.47158813476562,1
225.01837158203125,194.4451904296875,0
224.11801147460938,193.7476348876953,0
553.174072265625,547.5382690429688,1
487.6891174316406,542.4281005859375,1
436.9813537597656,521.7767333984375,1
388.4339904785156,499.4215087890625,1
360.3842468261719,464.3037414550781,1
343.6094665527344,415.5598449707031,0
330.0234375,356.1752624511719,0
320.1722412109375,307.3212890625,0
314.0638427734375,270.8017578125,0
308.73388671875,241.93661499023438,0
306.6227722167969,230.7835693359375,0
304.78778076171875,231.34188842773438,0
304.2545166015625,236.74209594726562,1
303.9283142089844,260.5400695800781,1
303.96160888671875,276.28912353515625,1
311.0397033691406,285.102294921875,1
354.82421875,287.6623229980469,0
396.9203796386719,279.30401611328125,0
414.08612060546875,286.26861572265625,0
398.4810485839844,309.8365173339844,0
374.8515625,348.486083984375,1
356.1822509765625,382.898681640625,1
341.1756591796875,407.371337890625,1
329.6350402832031,420.4007568359375,1
321.7154541015625,419.46722412109375,1
314.15618896484375,402.9117431640625,1
331.6996765136719,370.3711242675781,0
357.771728515625,338.0021667480469,0
383.54791259765625,314.0502624511719,0
399.7347106933594,299.62274169921875,0
416.09991455078125,302.17529296875,0
428.4530029296875,318.3800354003906,0
453.83673095703125,348.154052734375,0
482.29583740234375,393.8402099609375,1
494.12335205078125,412.8402099609375,1
494.17706298828125,414.071044921875,0
494.2099609375,414.9653625488281,0
493.91619873046875,414.58587646484375,0
580.8359375,547.1387329101562,1
563.242431640625,536.5517578125,0
539.9185791015625,524.634521484375,0
524.4781494140625,522.8236083984375,1
505.7003173828125,514.8709106445312,1
492.449462890625,499.27557373046875,0
479.12353515625,484.32952880859375,0
469.0621337890625,465.24932861328125,0
463.42559814453125,454.9825134277344,1
455.8625793457031,447.2349548339844,0
448.57940673828125,441.94488525390625,1
445.5392761230469,439.673583984375,0
443.950439453125,439.664794921875,1
439.8634338378906,443.686279296875,0
437.36676025390625,445.43804931640625,1
437.37591552734375,444.30389404296875,1
436.3310241699219,438.6409606933594,1
436.9901123046875,430.66162109375,0
437.0533447265625,425.0203857421875,1
437.0364990234375,420.78668212890625,0
430.7835693359375,424.1972351074219,0
419.66986083984375,438.20416259765625,1
413.9749450683594,449.06329345703125,1
403.79949951171875,451.03070068359375,1
397.510009765625,444.32366943359375,0
394.2214050292969,432.78204345703125,0
394.7041320800781,425.58258056640625,0
393.61505126953125,414.3193054199219,1
394.7083740234375,404.3900146484375,0
394.05364990234375,396.5379638671875,1
394.2041015625,394.77569580078125,0
395.46624755859375,388.3935546875,1
397.07366943359375,385.4569091796875,0
398.7728271484375,380.6792297363281,0
395.78814697265625,383.31658935546875,1
386.9237060546875,387.88983154296875,0
378.99542236328125,392.8770446777344,1
369.77178955078125,393.88299560546875,1
363.9565124511719,383.73797607421875,0
360.1495361328125,365.156494140625,0
380.634765625,354.3630065917969,1
404.35791015625,343.879150390625,0
429.7077941894531,332.62469482421875,0
454.6492614746094,334.28143310546875,0
472.5155029296875,352.0294494628906,0
491.73895263671875,384.37005615234375,0
508.34600830078125,437.5665588378906,1
522.296630859375,468.25677490234375,1
535.9616088867188,495.36712646484375,1
550.773193359375,513.021484375,1
563.9093627929688,523.9005126953125,0
585.3551025390625,541.784912109375,0
597.50537109375,542.1326904296875,0
610.27001953125,545.6061401367188,0
610.2756958007812,544.74072265625,0
609.6201171875,549.8977661132812,0
609.7147216796875,548.9898071289062,0
608.7843017578125,549.5382080078125,0
611.4114990234375,550.1241455078125,0
610.0552978515625,549.9933471679688,0
611.44140625,550.0574340820312,0
610.0648193359375,549.8622436523438,0
608.9588623046875,549.4752197265625,0
610.0413818359375,549.8947143554688,0
610.0107421875,549.8624877929688,0
609.8302001953125,549.5362548828125,0
610.0029296875,549.9151611328125,0
609.8556518554688,549.005859375,0
610.0460205078125,549.7476806640625,0
584.8819580078125,548.443359375,0
568.3799438476562,548.6956787109375,1
547.1743774414062,544.0560302734375,1
527.0419311523438,532.80322265625,0
510.40496826171875,515.88916015625,0
495.1008605957031,503.17742919921875,1
484.9609375,497.0697937011719,1
473.4930419921875,481.6165771484375,0
462.9109191894531,469.9073486328125,1
456.9041748046875,463.179443359375,0
450.850830078125,449.10516357421875,0
445.86614990234375,442.01239013671875,1
443.0240478515625,439.5267333984375,1
440.07550048828125,427.24029541015625,0
437.0215148925781,423.3123779296875,1
437.05877685546875,422.2956848144531,0
437.010498046875,413.97332763671875,0
436.20428466796875,415.67022705078125,0
436.3709716796875,428.38446044921875,1
437.5987243652344,438.6456298828125,0
439.723876953125,454.1224670410156,1
443.3226318359375,469.2740478515625,1
445.6178283691406,474.6388854980469,1
446.5799560546875,472.91168212890625,1
447.18463134765625,459.0360107421875,0
447.42376708984375,450.13031005859375,0
449.154052734375,448.0412902832031,1
446.0745849609375,442.7467041015625,0
443.63232421875,442.1193542480469,0
441.1241149902344,448.04547119140625,1
437.45220947265625,450.234619140625,1
435.02264404296875,445.30096435546875,0
433.5875244140625,435.50537109375,0
430.43817138671875,434.34442138671875,1
427.17926025390625,435.0847473144531,1
416.24542236328125,425.32476806640625,0
404.817626953125,415.71929931640625,0
394.1474914550781,413.86749267578125,1
384.9324951171875,402.14813232421875,0
377.5532531738281,384.194580078125,0
375.85125732421875,377.66064453125,1
383.93096923828125,370.80145263671875,0
394.41888427734375,360.9129333496094,0
406.91839599609375,358.0281677246094,0
413.18548583984375,365.00201416015625,0
417.0535888671875,377.8352355957031,0
417.125,396.769775390625,1
419.11529541015625,399.446533203125,1
417.19964599609375,397.1150817871094,1
419.49554443359375,399.0348815917969,0
418.08099365234375,397.8565979003906,0
418.0811767578125,397.84771728515625,0
418.08013916015625,397.8402099609375,0
418.0799560546875,397.8558349609375,0
418.0806884765625,397.86102294921875,0
418.08251953125,397.87054443359375,0
418.0824279785156,397.88311767578125,0
418.0815734863281,397.857666015625,0
586.494384765625,549.5936279296875,1
573.56494140625,545.1727294921875,1
551.7039794921875,532.9209594726562,1
530.6760864257812,515.0189208984375,0
512.999755859375,499.3179931640625,0
497.04803466796875,495.4145202636719,0
483.08935546875,494.8500061035156,1
472.0892333984375,488.778076171875,1
463.98541259765625,472.7071228027344,0
455.5880126953125,462.6372375488281,0
449.9095764160156,460.32745361328125,1
445.53656005859375,452.83331298828125,0
441.5165710449219,442.01116943359375,0
440.083740234375,440.22381591796875,1
437.98681640625,440.1698913574219,1
437.0399169921875,435.4428405761719,0
435.4591979980469,435.33905029296875,1
436.31622314453125,439.35247802734375,0
437.984619140625,439.3974914550781,0
437.4770812988281,446.9425048828125,1
439.60693359375,459.4049072265625,0
441.4625244140625,465.69244384765625,0
447.337646484375,476.0335388183594,1
456.8702697753906,485.19671630859375,1
472.33721923828125,481.5587158203125,1
484.6539306640625,469.7282409667969,0
496.7041015625,465.1868896484375,0
505.08056640625,465.46453857421875,1
504.2236328125,463.68902587890625,0
498.3049621582031,465.0777587890625,0
487.8034973144531,476.81646728515625,1
475.41192626953125,481.7002258300781,1
463.15118408203125,478.1741027832031,0
449.77581787109375,469.8750915527344,1
437.3818359375,462.6080322265625,1
436.8489685058594,444.28912353515625,0
444.7432556152344,434.98565673828125,0
454.76971435546875,419.8567810058594,0
462.713134765625,414.0257263183594,1
471.62420654296875,406.41949462890625,1
478.52490234375,397.763427734375,0
487.0823669433594,388.96923828125,1
495.4894104003906,386.4967346191406,0
504.85430908203125,381.5081787109375,0
514.1912841796875,385.0393981933594,1
519.9834594726562,374.843505859375,1
529.0540771484375,348.0496826171875,1
532.915771484375,367.48809814453125,0
525.5693359375,360.9309997558594,0
515.4146728515625,267.3839416503906,0
505.56854248046875,293.0884704589844,1
496.52655029296875,323.45684814453125,0
485.62982177734375,324.6612243652344,0
476.51300048828125,332.7181396484375,0
465.886474609375,362.89239501953125,1
457.0852966308594,395.5277099609375,1
448.1246643066406,414.7063293457031,1
436.9390869140625,429.36566162109375,1
440.5076904296875,434.743896484375,1
443.970947265625,428.678955078125,0
446.9615783691406,419.0701599121094,0
451.2138977050781,419.86590576171875,1
454.6522521972656,427.3616638183594,1
457.04083251953125,428.47509765625,0
458.8725891113281,431.4404296875,1
461.85003662109375,430.61029052734375,0
463.9459228515625,432.30157470703125,1
466.38336181640625,435.72479248046875,0
468.2216796875,436.51702880859375,1
482.53912353515625,443.8790283203125,1
500.23321533203125,441.05255126953125,0
517.153564453125,448.25616455078125,0
532.7423095703125,456.2959899902344,0
538.2666625976562,467.54833984375,0
534.9222412109375,493.0416564941406,1
531.719482421875,517.7403564453125,1
527.2274169921875,538.8916625976562,1
523.9476318359375,550.2570190429688,1
514.811279296875,545.685546875,0
495.554443359375,547.5676879882812,0
481.04248046875,549.3646240234375,1
465.1151123046875,540.253173828125,1
452.989990234375,518.9171142578125,0
438.9671936035156,480.255126953125,0
433.63739013671875,456.350341796875,0
424.59783935546875,438.2185974121094,0
418.9961853027344,427.95477294921875,1
416.45458984375,415.19927978515625,0
413.4022216796875,405.2396240234375,0
412.08953857421875,404.1505432128906,1
406.7576904296875,399.7177734375,0
406.791748046875,397.9687805175781,1
404.67999267578125,399.730224609375,1
403.267578125,395.0619812011719,0
402.07666015625,395.86492919921875,1
397.652099609375,400.98590087890625,1
401.74444580078125,397.8487243652344,0
413.82421875,394.839111328125,1
435.8503723144531,396.43768310546875,0
452.328369140625,395.3239440917969,0
469.98272705078125,406.41778564453125,0
484.9197082519531,431.6519775390625,1
497.073486328125,467.760986328125,1
512.7481079101562,494.32110595703125,1
524.1201171875,508.75946044921875,0
546.1353149414062,538.973876953125,0
556.3469848632812,541.8786010742188,0
562.0069580078125,530.7656860351562,0
562.0062255859375,530.8905639648438,0
557.0514526367188,533.7058715820312,0
556.211669921875,533.8275146484375,0
557.105712890625,532.7964477539062,0
556.1896362304688,533.146484375,0
584.869140625,545.2169189453125,1
530.2001953125,544.199462890625,1
475.75323486328125,532.4669799804688,0
418.3733215332031,519.916259765625,1
375.4814147949219,511.9761962890625,1
336.9525451660156,494.88983154296875,1
305.6103515625,457.579833984375,1
284.75372314453125,410.78759765625,0
268.5177001953125,372.3821105957031,1
256.5446472167969,339.93682861328125,0
247.21026611328125,302.04376220703125,0
241.6077880859375,270.5006408691406,0
236.90115356445312,248.61087036132812,0
236.21414184570312,240.55563354492188,1
234.0430450439453,231.24505615234375,1
259.189697265625,218.91810607910156,0
316.47406005859375,214.37631225585938,0
385.5631103515625,223.9283447265625,0
435.4391784667969,245.52703857421875,0
467.09808349609375,287.9404296875,0
456.06085205078125,331.86016845703125,0
436.80596923828125,400.1753234863281,1
416.1185302734375,455.2371826171875,1
397.0934143066406,505.3758239746094,1
384.7457275390625,544.2994384765625,1
374.1623229980469,540.0733032226562,1
365.53143310546875,518.5121459960938,1
358.8923645019531,480.392333984375,1
355.09814453125,437.2351379394531,0
350.62664794921875,392.9176330566406,0
346.5609130859375,362.8128662109375,0
344.1351318359375,341.5362548828125,0
341.9520568847656,328.5658264160156,0
338.7457275390625,325.04736328125,0
338.6897277832031,330.25628662109375,1
339.1607666015625,341.3138427734375,1
330.4844970703125,339.5572509765625,0
316.80841064453125,334.4788818359375,0
304.904541015625,338.39447021484375,1
293.42633056640625,341.47186279296875,1
286.96588134765625,335.62237548828125,0
294.74029541015625,324.7130126953125,0
335.22967529296875,318.9110107421875,1
379.207763671875,315.7302551269531,0
414.29168701171875,313.06097412109375,0
403.45367431640625,324.48760986328125,0
366.9023132324219,343.2306213378906,1
334.5699462890625,365.94879150390625,1
318.7703857421875,378.88189697265625,1
326.27490234375,379.93133544921875,1
356.11962890625,374.6800537109375,0
388.64324951171875,363.36785888671875,0
404.43756103515625,364.93157958984375,0
397.63189697265625,371.409423828125,0
391.14898681640625,391.19818115234375,1
379.2294921875,405.28424072265625,1
373.3266906738281,406.5865478515625,1
366.4265441894531,399.9377136230469,0
365.03753662109375,388.995361328125,0
363.1430358886719,387.8253173828125,1
357.33526611328125,385.0391845703125,1
355.2330322265625,369.86492919921875,0
354.0419921875,360.08111572265625,0
353.59991455078125,357.531494140625,1
341.0384216308594,350.92626953125,0
323.14031982421875,339.918212890625,0
307.6955871582031,335.0224609375,1
295.1770324707031,328.7805480957031,1
286.168701171875,317.6849670410156,0
304.57769775390625,307.0887756347656,1
355.1307678222656,300.51275634765625,0
391.7445068359375,289.94427490234375,0
441.99835205078125,301.9156494140625,0
474.7806091308594,346.63201904296875,0
489.8198547363281,386.02679443359375,1
507.1636962890625,424.7679138183594,1
519.195068359375,441.9014587402344,1
523.401611328125,444.1194763183594,1
516.4357299804688,442.5552673339844,0
513.552734375,447.3381652832031,1
510.928955078125,463.789794921875,1
507.56378173828125,468.54095458984375,0
504.46380615234375,466.9035339355469,1
504.02337646484375,469.48406982421875,1
502.4306335449219,466.12786865234375,0
500.3988037109375,467.0849609375,1
498.89166259765625,467.1031188964844,0
498.8773193359375,468.9986572265625,1
496.6192626953125,477.1893310546875,1
491.962158203125,481.0756530761719,0
488.45361328125,483.59564208984375,1
487.3548889160156,489.84613037109375,0
486.8891906738281,492.45477294921875,0
487.3036804199219,502.37725830078125,1
486.61767578125,509.0673828125,0
484.41033935546875,510.65521240234375,1
484.81903076171875,511.96966552734375,1
483.9905090332031,504.84356689453125,0
483.82427978515625,490.92864990234375,0
483.0509033203125,486.98455810546875,1
482.8858642578125,482.12982177734375,0
481.7937316894531,472.1564636230469,0
482.128173828125,470.6505432128906,0
483.29248046875,477.9918212890625,1
482.0157165527344,476.6960144042969,0
480.20751953125,480.5589599609375,0
482.81219482421875,486.9978942871094,1
482.87628173828125,489.52374267578125,0
469.17596435546875,489.8243408203125,0
455.10675048828125,489.78814697265625,1
438.8004150390625,499.74249267578125,1
425.7208251953125,494.1374206542969,0
433.3135986328125,481.07647705078125,0
473.5249328613281,475.31494140625,1
509.7677001953125,464.04705810546875,0
535.58740234375,463.210205078125,0
544.1802368164062,467.72467041015625,0
547.6258544921875,486.31683349609375,1
558.4810791015625,522.2225341796875,1
574.889892578125,540.5538330078125,1
590.7656860351562,543.0277099609375,0
602.728515625,545.7726440429688,0
609.7574462890625,546.2101440429688,0
609.8509521484375,545.5742797851562,0
609.9808959960938,546.9552001953125,0
609.0230712890625,546.131103515625,0
609.964599609375,546.911865234375,0
611.8115234375,546.90283203125,0
609.9064331054688,546.9610595703125,0
611.027099609375,547.2486572265625,0
609.7530517578125,546.1863403320312,0
611.8258056640625,546.7993774414062,0
595.6400146484375,544.9761352539062,0
537.855712890625,544.5198974609375,0
485.09259033203125,547.6325073242188,0
452.26806640625,546.2037353515625,0
428.67059326171875,545.8570556640625,1
407.0577392578125,544.1560668945312,1
389.02191162109375,526.155517578125,1
376.9622802734375,499.3422546386719,1
366.4971923828125,450.85137939453125,0
362.66717529296875,419.75457763671875,0
354.78173828125,400.24505615234375,0
350.6107177734375,386.14678955078125,0
347.1649475097656,380.458251953125,1
343.28363037109375,368.34722900390625,0
341.3970947265625,355.759765625,0
337.436279296875,347.8166809082031,0
337.4954833984375,350.94854736328125,1
336.1258544921875,359.8299560546875,1
336.8364562988281,360.79290771484375,1
335.863037109375,354.5657653808594,0
335.84307861328125,354.415283203125,0
335.92626953125,355.21240234375,1
335.40234375,353.5818176269531,0
586.493408203125,546.0263061523438,1
574.8804321289062,539.9734497070312,0
551.7567138671875,533.842041015625,1
530.0951538085938,527.085205078125,0
514.278076171875,521.9540405273438,0
496.06048583984375,521.53173828125,1
484.9427795410156,515.93798828125,1
474.0946044921875,503.47161865234375,0
463.997802734375,486.9974365234375,0
456.1395263671875,478.4664001464844,1
448.5767822265625,471.6571044921875,1
446.342529296875,455.7777099609375,0
441.7760314941406,448.7144470214844,1
454.4322814941406,446.42681884765625,1
467.9075622558594,438.2689208984375,0
486.885986328125,423.43170166015625,0
504.27197265625,428.649658203125,0
516.2691650390625,442.4686279296875,0
528.4511108398438,467.87237548828125,1
519.7972412109375,504.03472900390625,0
511.9012451171875,535.93115234375,1
500.89825439453125,542.5445556640625,1
483.4956359863281,529.3896484375,0
467.80621337890625,517.8905029296875,0
454.25146484375,509.91925048828125,1
438.69317626953125,502.6435546875,1
426.77056884765625,486.0943603515625,0
412.8883361816406,461.0118103027344,1
404.5611267089844,446.8400573730469,0
394.6697998046875,425.3221130371094,0
385.7726135253906,410.533203125,1
378.83587646484375,397.0992431640625,0
372.1860046386719,386.703857421875,0
367.2724914550781,383.6580505371094,0
364.71173095703125,375.90338134765625,0
378.77532958984375,376.5266418457031,1
398.9271240234375,369.5826416015625,0
418.1892395019531,361.70660400390625,0
433.5885009765625,367.55059814453125,0
448.7333679199219,386.8086853027344,1
463.668212890625,414.8445129394531,0
468.67926025390625,443.54425048828125,1
474.1388244628906,474.67718505859375,1
481.6580505371094,497.6651611328125,0
484.42852783203125,512.3084106445312,1
487.3642272949219,528.0340576171875,1
482.0899963378906,532.8316650390625,1
476.7718200683594,529.7068481445312,0
474.1231689453125,528.605224609375,1
467.17791748046875,527.8232421875,1
464.6996154785156,512.077392578125,0
461.72607421875,492.0675964355469,0
456.81982421875,482.4919738769531,1
459.03509521484375,471.07000732421875,0
464.5658874511719,459.32916259765625,0
466.97601318359375,450.80731201171875,1
468.06292724609375,447.8372802734375,1
466.9737243652344,437.1951599121094,0
470.3099060058594,430.8000183105469,0
470.1475524902344,437.70452880859375,1
468.2292175292969,448.95458984375,1
466.4476013183594,445.60772705078125,1
467.2489013671875,446.40802001953125,0
467.76348876953125,446.90576171875,0
